epoch,stage,lr,train_loss,val_loss,train_acc,val_acc,val_weighted_f1,val_macro_f1,low_severity_recall_pct,low_severity_recall_n,low_severity_recall_denom
1,A,0.001,1.009156,1.173654,0.566964,0.4,0.364738,0.390256,0.785714,11,14
2,A,0.0009619778264893878,0.748896,1.170727,0.642857,0.36,0.293887,0.31812,0.285714,4,14
3,A,0.0008536998372026805,0.772917,0.941918,0.691964,0.58,0.563192,0.572156,0.571429,8,14
4,A,0.0006916503744663625,0.648479,1.08391,0.705357,0.4,0.349014,0.359055,0.214286,3,14
5,A,0.0005005000000000001,0.641225,0.905115,0.723214,0.52,0.504091,0.501799,0.357143,5,14
6,A,0.00030934962553363774,0.615148,0.922318,0.776786,0.54,0.528802,0.522384,0.357143,5,14
7,A,0.00014730016279731955,0.650663,0.930453,0.767857,0.52,0.504551,0.502346,0.357143,5,14
8,A,3.902217351061228e-05,0.599235,0.931572,0.772321,0.52,0.504551,0.502346,0.357143,5,14
9,B,0.0001,0.745615,0.884946,0.709821,0.62,0.631492,0.621164,0.928571,13,14
10,B,9.98794204878613e-05,0.669386,0.732065,0.741071,0.76,0.760609,0.761343,0.857143,12,14
11,B,9.951826940270773e-05,0.621326,0.754182,0.75,0.66,0.663266,0.639226,0.428571,6,14
12,B,9.891830623632339e-05,0.57727,0.773839,0.816964,0.62,0.623844,0.605105,0.428571,6,14
13,B,9.808245394894679e-05,0.505007,0.748732,0.78125,0.6,0.598503,0.578656,0.357143,5,14
14,B,9.701478472890248e-05,0.599713,0.719437,0.763393,0.66,0.660553,0.639853,0.428571,6,14
15,B,9.572050015330875e-05,0.534289,0.742312,0.78125,0.64,0.643492,0.632214,0.5,7,14
16,B,9.42059058465169e-05,0.544711,0.716033,0.785714,0.64,0.641719,0.633626,0.5,7,14
17,B,9.247838075974309e-05,0.513908,0.678271,0.803571,0.7,0.700189,0.684894,0.5,7,14
18,B,9.054634122155992e-05,0.421236,0.72442,0.866071,0.68,0.680261,0.672268,0.571429,8,14
19,B,8.841919993438942e-05,0.491073,0.683999,0.808036,0.74,0.7395,0.727976,0.571429,8,14
20,B,8.610732011676325e-05,0.42324,0.699026,0.830357,0.72,0.720444,0.711152,0.571429,8,14
21,B,8.36219650147635e-05,0.431139,0.659844,0.808036,0.74,0.7395,0.727976,0.571429,8,14
22,B,8.09752430286201e-05,0.437808,0.652285,0.830357,0.74,0.7395,0.727976,0.571429,8,14
23,B,7.818004872180198e-05,0.456783,0.690243,0.799107,0.74,0.741632,0.726607,0.571429,8,14
24,B,7.525000000000001e-05,0.422459,0.69156,0.839286,0.72,0.722457,0.709692,0.571429,8,14
25,B,7.219937176605935e-05,0.474542,0.670913,0.84375,0.72,0.720444,0.711152,0.571429,8,14
26,B,6.904302637408766e-05,0.464503,0.682814,0.8125,0.72,0.722457,0.709692,0.571429,8,14
27,B,6.579634122155991e-05,0.428128,0.710012,0.857143,0.72,0.722457,0.709692,0.571429,8,14
28,B,6.247513383218356e-05,0.416804,0.702132,0.848214,0.72,0.720444,0.711152,0.571429,8,14
29,B,5.909558479451306e-05,0.437097,0.728883,0.825893,0.72,0.722457,0.709692,0.571429,8,14
30,B,5.5674158931748854e-05,0.376231,0.689161,0.839286,0.72,0.720444,0.711152,0.571429,8,14
31,B,5.222752508677381e-05,0.420714,0.691896,0.852679,0.72,0.720444,0.711152,0.571429,8,14
32,B,4.8772474913226224e-05,0.462553,0.67729,0.830357,0.72,0.720444,0.711152,0.571429,8,14
33,B,4.532584106825117e-05,0.466093,0.678687,0.794643,0.72,0.720444,0.711152,0.571429,8,14
34,B,4.190441520548696e-05,0.368297,0.672178,0.852679,0.72,0.720444,0.711152,0.571429,8,14
35,B,3.852486616781645e-05,0.385854,0.668914,0.830357,0.72,0.720444,0.711152,0.571429,8,14
36,B,3.520365877844012e-05,0.392561,0.676121,0.861607,0.72,0.720444,0.711152,0.571429,8,14
37,B,3.1956973625912366e-05,0.334175,0.706512,0.875,0.74,0.741069,0.725937,0.571429,8,14
38,B,2.8800628233940678e-05,0.411691,0.684257,0.830357,0.74,0.741632,0.726607,0.571429,8,14
39,B,2.5750000000000023e-05,0.360749,0.706379,0.848214,0.72,0.722457,0.709692,0.571429,8,14
40,B,2.281995127819805e-05,0.370551,0.69107,0.857143,0.76,0.760532,0.74349,0.571429,8,14
41,B,2.0024756971379923e-05,0.345445,0.691854,0.857143,0.72,0.721486,0.708536,0.571429,8,14
42,B,1.7378034985236525e-05,0.430563,0.689068,0.834821,0.72,0.722457,0.709692,0.571429,8,14
43,B,1.4892679883236773e-05,0.29517,0.711787,0.879464,0.72,0.721486,0.708536,0.571429,8,14
44,B,1.2580800065610601e-05,0.389585,0.701278,0.866071,0.72,0.722457,0.709692,0.571429,8,14
45,B,1.0453658778440112e-05,0.456979,0.696048,0.808036,0.72,0.722457,0.709692,0.571429,8,14
46,B,8.52161924025692e-06,0.365231,0.695206,0.857143,0.72,0.722457,0.709692,0.571429,8,14
47,B,6.794094153483128e-06,0.349964,0.699534,0.883929,0.72,0.720444,0.711152,0.571429,8,14
48,B,5.279499846691265e-06,0.338495,0.690418,0.883929,0.72,0.722457,0.709692,0.571429,8,14
49,B,3.98521527109754e-06,0.361082,0.684806,0.866071,0.72,0.722457,0.709692,0.571429,8,14
50,B,2.9175460510532266e-06,0.396974,0.695641,0.825893,0.72,0.721294,0.708308,0.571429,8,14
51,B,2.081693763676619e-06,0.311981,0.68597,0.901786,0.72,0.722457,0.709692,0.571429,8,14
52,B,1.4817305972922728e-06,0.37347,0.676695,0.852679,0.72,0.722457,0.709692,0.571429,8,14
53,B,1.1205795121387022e-06,0.358662,0.690168,0.892857,0.72,0.721486,0.708536,0.571429,8,14
