epoch,stage,lr,train_loss,train_loss_unweighted,val_loss,train_acc,val_acc,val_weighted_f1,val_macro_f1,low_severity_recall_pct,low_severity_recall_n,low_severity_recall_denom
1,A,9.619778e-04,2.295192,0.943338,1.260899,0.549107,0.460000,0.359246,0.411110,71.43,10,14
2,A,8.536998e-04,1.563129,0.685574,1.195731,0.718750,0.380000,0.355404,0.377386,71.43,10,14
3,A,6.916504e-04,1.246771,0.653925,0.944801,0.754464,0.560000,0.569834,0.571231,64.29,9,14
4,A,5.005000e-04,1.162390,0.609965,0.773348,0.763393,0.700000,0.702912,0.692656,57.14,8,14
5,A,3.093496e-04,1.123860,0.551905,0.707322,0.785714,0.720000,0.701390,0.679144,35.71,5,14
6,A,1.473002e-04,1.153449,0.549219,0.751361,0.776786,0.700000,0.702000,0.683333,50.00,7,14
7,A,3.902217e-05,1.131813,0.544519,0.744791,0.785714,0.680000,0.666022,0.647759,35.71,5,14
8,A,1.000000e-06,0.989237,0.521168,0.743325,0.785714,0.700000,0.693251,0.676635,42.86,6,14
9,B,9.987942e-05,1.259548,0.604953,0.904937,0.763393,0.520000,0.527368,0.523923,85.71,12,14
10,B,9.951827e-05,1.162490,0.553224,0.781790,0.803571,0.620000,0.639446,0.627397,71.43,10,14
11,B,9.891831e-05,1.330797,0.585708,0.735381,0.732143,0.720000,0.727686,0.719772,64.29,9,14
12,B,9.808245e-05,1.066504,0.523911,0.723344,0.781250,0.760000,0.760096,0.745408,57.14,8,14
13,B,9.701478e-05,1.150627,0.535341,0.750631,0.767857,0.720000,0.725524,0.709524,57.14,8,14
14,B,9.572050e-05,0.927042,0.479344,0.782060,0.839286,0.680000,0.692446,0.683989,64.29,9,14
15,B,9.420591e-05,1.039462,0.504835,0.775479,0.812500,0.700000,0.698725,0.692443,57.14,8,14
16,B,9.247838e-05,0.878519,0.443324,0.747959,0.821429,0.740000,0.741208,0.733726,64.29,9,14
17,B,9.054634e-05,0.760098,0.415072,0.713465,0.843750,0.720000,0.714769,0.703730,50.00,7,14
18,B,8.841920e-05,0.834137,0.442201,0.715918,0.834821,0.780000,0.779039,0.767959,64.29,9,14
19,B,8.610732e-05,1.033626,0.531805,0.721425,0.781250,0.740000,0.744000,0.733333,64.29,9,14
20,B,8.362197e-05,0.776213,0.421496,0.728009,0.848214,0.740000,0.744000,0.733333,64.29,9,14
21,B,8.097524e-05,0.701471,0.376962,0.692777,0.875000,0.740000,0.737833,0.727763,57.14,8,14
22,B,7.818005e-05,0.872612,0.421204,0.693598,0.839286,0.740000,0.739631,0.729904,57.14,8,14
23,B,7.525000e-05,0.641947,0.353777,0.687371,0.861607,0.760000,0.757650,0.746120,57.14,8,14
24,B,7.219937e-05,0.646503,0.365201,0.687374,0.875000,0.760000,0.757650,0.746120,57.14,8,14
25,B,6.904303e-05,0.554914,0.329445,0.678019,0.901786,0.740000,0.739631,0.729904,57.14,8,14
26,B,6.579634e-05,0.651231,0.371055,0.680149,0.875000,0.760000,0.756308,0.744522,57.14,8,14
27,B,6.247513e-05,0.497999,0.306098,0.693639,0.901786,0.740000,0.737833,0.727763,57.14,8,14
28,B,5.909558e-05,0.729296,0.368928,0.693736,0.861607,0.720000,0.717938,0.709564,57.14,8,14
29,B,5.567416e-05,0.693506,0.335413,0.687261,0.866071,0.720000,0.719238,0.711111,57.14,8,14
30,B,5.222753e-05,0.763138,0.394664,0.684913,0.857143,0.740000,0.737833,0.727763,57.14,8,14
31,B,4.877247e-05,0.556912,0.330300,0.671090,0.883929,0.740000,0.737833,0.727763,57.14,8,14
32,B,4.532584e-05,0.784696,0.387979,0.677280,0.866071,0.740000,0.737833,0.727763,57.14,8,14
33,B,4.190442e-05,0.583889,0.329786,0.679699,0.915179,0.740000,0.739631,0.729904,57.14,8,14
34,B,3.852487e-05,0.576434,0.315699,0.691736,0.883929,0.740000,0.737833,0.727763,57.14,8,14
35,B,3.520366e-05,0.550715,0.321863,0.693680,0.906250,0.720000,0.717938,0.709564,57.14,8,14
36,B,3.195697e-05,0.572616,0.314159,0.680867,0.870536,0.720000,0.717938,0.709564,57.14,8,14
37,B,2.880063e-05,0.562063,0.327903,0.684333,0.888393,0.720000,0.717938,0.709564,57.14,8,14
38,B,2.575000e-05,0.496506,0.281553,0.684445,0.915179,0.740000,0.737833,0.727763,57.14,8,14
39,B,2.281995e-05,0.526358,0.287633,0.675312,0.892857,0.740000,0.737833,0.727763,57.14,8,14
40,B,2.002476e-05,0.484252,0.292752,0.671007,0.924107,0.740000,0.737833,0.727763,57.14,8,14
41,B,1.737803e-05,0.589791,0.309958,0.679553,0.888393,0.740000,0.737833,0.727763,57.14,8,14
42,B,1.489268e-05,0.472258,0.276604,0.674960,0.910714,0.740000,0.737833,0.727763,57.14,8,14
43,B,1.258080e-05,0.394012,0.246686,0.670738,0.915179,0.740000,0.737833,0.727763,57.14,8,14
44,B,1.045366e-05,0.607843,0.313667,0.668223,0.892857,0.760000,0.757650,0.746120,57.14,8,14
45,B,8.521619e-06,0.430712,0.271351,0.672265,0.919643,0.760000,0.756308,0.744522,57.14,8,14
46,B,6.794094e-06,0.567365,0.309228,0.670643,0.888393,0.760000,0.756308,0.744522,57.14,8,14
47,B,5.279500e-06,0.669368,0.341625,0.670565,0.879464,0.740000,0.737833,0.727763,57.14,8,14
48,B,3.985215e-06,0.509308,0.286147,0.670620,0.892857,0.740000,0.737833,0.727763,57.14,8,14
49,B,2.917546e-06,0.577848,0.308697,0.666075,0.883929,0.760000,0.757650,0.746120,57.14,8,14
50,B,2.081694e-06,0.472688,0.265320,0.677502,0.915179,0.740000,0.737833,0.727763,57.14,8,14
51,B,1.481731e-06,0.552597,0.320301,0.660411,0.901786,0.780000,0.775587,0.762472,57.14,8,14
52,B,1.120580e-06,0.472286,0.270848,0.669052,0.906250,0.760000,0.757650,0.746120,57.14,8,14
53,B,1.000000e-06,0.484704,0.289343,0.665814,0.924107,0.760000,0.756308,0.744522,57.14,8,14
