subject_id,group,gender,tci_right,tci_left,tci_subject,severity_grade,model_class,reference_version,calculation_status,status_detail,validation_difference,split
CG001,CG,M,0.1186064305,0.4639832515,0.291294841,,Healthy,fixed_v1_26.1_25.7_26.4_25.8,valid,,0.0,val
CG002,CG,M,1.9730977019,2.088571125,2.0308344134,,Healthy,fixed_v1_26.1_25.7_26.4_25.8,valid,,0.0,train
CG003,CG,M,3.788465284,3.5705966243,3.6795309541,,Healthy,fixed_v1_26.1_25.7_26.4_25.8,valid,,0.0,val
CG004,CG,F,1.8181681007,1.4987685187,1.6584683097,,Healthy,fixed_v1_26.1_25.7_26.4_25.8,valid,,0.0,val
CG005,CG,F,0.2870979192,0.8106253095,0.5488616143,,Healthy,fixed_v1_26.1_25.7_26.4_25.8,valid,,0.0,train
CG006,CG,F,0.7842043196,1.0313604799,0.9077823997,,Healthy,fixed_v1_26.1_25.7_26.4_25.8,valid,,0.0,train
CG007,CG,F,0.2068379899,0.567621824,0.387229907,,Healthy,fixed_v1_26.1_25.7_26.4_25.8,valid,,0.0,test
CG008,CG,F,1.8796040034,1.7633182059,1.8214611046,,Healthy,fixed_v1_26.1_25.7_26.4_25.8,valid,,0.0,test
CG009,CG,M,1.3806000574,1.1474326253,1.2640163413,,Healthy,fixed_v1_26.1_25.7_26.4_25.8,valid,,0.0,test
CG010,CG,M,1.1652620731,0.8341469806,0.9997045268,,Healthy,fixed_v1_26.1_25.7_26.4_25.8,valid,,0.0,train
CG011,CG,F,0.3799495328,0.166865091,0.2734073119,,Healthy,fixed_v1_26.1_25.7_26.4_25.8,valid,,0.0,train
CG012,CG,F,2.2205168314,2.0724190092,2.1464679203,,Healthy,fixed_v1_26.1_25.7_26.4_25.8,valid,,0.0,test
CG013,CG,M,0.3424999865,0.743531471,0.5430157287,,Healthy,fixed_v1_26.1_25.7_26.4_25.8,valid,,0.0,train
CG014,CG,M,2.4998330951,2.4406415573,2.4702373262,,Healthy,fixed_v1_26.1_25.7_26.4_25.8,valid,,0.0,val
CG015,CG,M,3.1096494152,2.9234409834,3.0165451993,,Healthy,fixed_v1_26.1_25.7_26.4_25.8,valid,,0.0,train
CG016,CG,M,1.0852794607,1.7505391348,1.4179092978,,Healthy,fixed_v1_26.1_25.7_26.4_25.8,valid,,0.0,train
CG017,CG,F,1.9215883268,2.1066101045,2.0140992157,,Healthy,fixed_v1_26.1_25.7_26.4_25.8,valid,,0.0,train
CG018,CG,M,0.944696795,1.0876759977,1.0161863963,,Healthy,fixed_v1_26.1_25.7_26.4_25.8,valid,,0.0,train
CG019,CG,F,0.6555859014,0.1818475208,0.4187167111,,Healthy,fixed_v1_26.1_25.7_26.4_25.8,valid,,0.0,train
CG020,CG,F,2.4259257432,2.4838956639,2.4549107036,,Healthy,fixed_v1_26.1_25.7_26.4_25.8,valid,,0.0,train
CG021,CG,M,0.7594678234,0.5628988317,0.6611833275,,Healthy,fixed_v1_26.1_25.7_26.4_25.8,valid,,0.0,val
CG022,CG,M,1.2342215263,0.7472537588,0.9907376426,,Healthy,fixed_v1_26.1_25.7_26.4_25.8,valid,,0.0,train
CG023,CG,F,1.6980930213,1.0222418675,1.3601674444,,Healthy,fixed_v1_26.1_25.7_26.4_25.8,valid,,0.0,train
CG024,CG,F,0.7019535467,0.5794493827,0.6407014647,,Healthy,fixed_v1_26.1_25.7_26.4_25.8,valid,,0.0,train
CG025,CG,M,1.5429668094,1.5525014679,1.5477341387,,Healthy,fixed_v1_26.1_25.7_26.4_25.8,valid,,0.0,train
CG026,CG,M,1.7083257479,1.6258206559,1.6670732019,,Healthy,fixed_v1_26.1_25.7_26.4_25.8,valid,,0.0,val
CG027,CG,M,0.4898376626,0.8557683299,0.6728029963,,Healthy,fixed_v1_26.1_25.7_26.4_25.8,valid,,0.0,train
CG028,CG,M,0.5514233763,0.2747474853,0.4130854308,,Healthy,fixed_v1_26.1_25.7_26.4_25.8,valid,,0.0,test
CG029,CG,F,0.1309854019,0.4634175852,0.2972014935,,Healthy,fixed_v1_26.1_25.7_26.4_25.8,valid,,0.0,train
CG030,CG,M,0.6183041815,0.6989352574,0.6586197195,,Healthy,fixed_v1_26.1_25.7_26.4_25.8,valid,,0.0,train
CG031,CG,M,1.6004261409,1.3266952909,1.4635607159,,Healthy,fixed_v1_26.1_25.7_26.4_25.8,valid,,0.0,train
CG032,CG,M,0.91809453,0.9124208476,0.9152576888,,Healthy,fixed_v1_26.1_25.7_26.4_25.8,valid,,0.0,train
CG033,CG,M,2.6495305906,2.675520459,2.6625255248,,Healthy,fixed_v1_26.1_25.7_26.4_25.8,valid,,0.0,test
CG034,CG,M,1.9536228606,1.845143778,1.8993833193,,Healthy,fixed_v1_26.1_25.7_26.4_25.8,valid,,0.0,test
CG035,CG,M,0.8784029749,1.33832205,1.1083625124,,Healthy,fixed_v1_26.1_25.7_26.4_25.8,valid,,0.0,train
CG036,CG,M,0.7373643442,0.337474264,0.5374193041,,Healthy,fixed_v1_26.1_25.7_26.4_25.8,valid,,0.0,train
CG037,CG,M,2.6863426538,2.6642381162,2.675290385,,Healthy,fixed_v1_26.1_25.7_26.4_25.8,valid,,0.0,train
CG038,CG,M,0.4282153035,0.3367000909,0.3824576972,,Healthy,fixed_v1_26.1_25.7_26.4_25.8,valid,,0.0,train
CG039,CG,M,3.5556287508,2.8972631932,3.226445972,,Healthy,fixed_v1_26.1_25.7_26.4_25.8,valid,,0.0,train
CG040,CG,M,2.7692792749,2.9495968184,2.8594380467,,Healthy,fixed_v1_26.1_25.7_26.4_25.8,valid,,0.0,train
CG041,CG,F,1.027056117,1.4439407325,1.2354984247,,Healthy,fixed_v1_26.1_25.7_26.4_25.8,valid,,0.0,train
CG042,CG,F,0.3037520849,0.4106765517,0.3572143183,,Healthy,fixed_v1_26.1_25.7_26.4_25.8,valid,,0.0,val
CG043,CG,M,0.9880229221,1.2215066484,1.1047647852,,Healthy,fixed_v1_26.1_25.7_26.4_25.8,valid,,0.0,train
CG044,CG,F,3.5216045286,3.8603995495,3.6910020391,,Healthy,fixed_v1_26.1_25.7_26.4_25.8,valid,,0.0,train
CG045,CG,M,2.9565509146,2.40209977,2.6793253423,,Healthy,fixed_v1_26.1_25.7_26.4_25.8,valid,,0.0,train
DM001,DM,M,6.4823467812,6.0305935799,6.2564701806,4.0,DM_Grade4,fixed_v1_26.1_25.7_26.4_25.8,valid,,0.0,train
DM002,DM,M,0.9263832951,0.3796900135,0.6530366543,0.0,DM_Grade0,fixed_v1_26.1_25.7_26.4_25.8,valid,,0.0,val
DM003,DM,F,2.1389114262,1.2977259365,1.7183186813,1.0,DM_Grade1,fixed_v1_26.1_25.7_26.4_25.8,valid,,0.0,train
DM004,DM,M,6.1692242197,4.6240533149,5.3966387673,4.0,DM_Grade4,fixed_v1_26.1_25.7_26.4_25.8,valid,,0.0,train
DM005,DM,M,1.6353787855,0.8667937975,1.2510862915,1.0,DM_Grade1,fixed_v1_26.1_25.7_26.4_25.8,valid,,0.0,train
DM006,DM,F,6.8823826124,7.5718965834,7.2271395979,4.0,DM_Grade4,fixed_v1_26.1_25.7_26.4_25.8,valid,,0.0,train
DM007,DM,F,2.967785394,1.495634155,2.2317097745,2.0,DM_Grade2,fixed_v1_26.1_25.7_26.4_25.8,valid,,0.0,val
DM008,DM,M,5.2107261121,3.9099351175,4.5603306148,3.0,DM_Grade3,fixed_v1_26.1_25.7_26.4_25.8,valid,,0.0,train
DM009,DM,F,3.5947486522,4.0563454433,3.8255470477,3.0,DM_Grade3,fixed_v1_26.1_25.7_26.4_25.8,valid,,0.0,train
DM010,DM,M,8.5706698414,8.1794673938,8.3750686176,4.0,DM_Grade4,fixed_v1_26.1_25.7_26.4_25.8,valid,,0.0,train
DM011,DM,F,5.5587202835,5.8380880187,5.6984041511,4.0,DM_Grade4,fixed_v1_26.1_25.7_26.4_25.8,valid,,0.0,val
DM012,DM,F,5.8166319318,6.6766706117,6.2466512718,4.0,DM_Grade4,fixed_v1_26.1_25.7_26.4_25.8,valid,,0.0,train
DM013,DM,F,2.0788689447,1.5215465976,1.8002077712,1.0,DM_Grade1,fixed_v1_26.1_25.7_26.4_25.8,valid,,0.0,train
DM014,DM,F,6.4712745758,5.5974833051,6.0343789404,4.0,DM_Grade4,fixed_v1_26.1_25.7_26.4_25.8,valid,,0.0,train
DM015,DM,M,7.6808298418,7.6759285159,7.6783791789,4.0,DM_Grade4,fixed_v1_26.1_25.7_26.4_25.8,valid,,0.0,test
DM016,DM,F,6.7078167944,7.124848229,6.9163325117,4.0,DM_Grade4,fixed_v1_26.1_25.7_26.4_25.8,valid,,0.0,train
DM017,DM,F,4.9148040949,4.4103540049,4.6625790499,3.0,DM_Grade3,fixed_v1_26.1_25.7_26.4_25.8,valid,,0.0,train
DM018,DM,M,3.7483721346,0.9535797331,2.3509759338,2.0,DM_Grade2,fixed_v1_26.1_25.7_26.4_25.8,valid,,0.0,val
DM019,DM,F,4.9133159493,5.5436548032,5.2284853762,4.0,DM_Grade4,fixed_v1_26.1_25.7_26.4_25.8,valid,,0.0,train
DM020,DM,F,4.0361976664,3.9475898196,3.991893743,3.0,DM_Grade3,fixed_v1_26.1_25.7_26.4_25.8,valid,,0.0,test
DM021,DM,F,4.9038744048,3.7865921481,4.3452332765,3.0,DM_Grade3,fixed_v1_26.1_25.7_26.4_25.8,valid,,0.0,train
DM022,DM,F,4.2330852721,4.4560270925,4.3445561823,3.0,DM_Grade3,fixed_v1_26.1_25.7_26.4_25.8,valid,,0.0,train
DM023,DM,F,2.7492350014,4.1766719394,3.4629534704,3.0,DM_Grade3,fixed_v1_26.1_25.7_26.4_25.8,valid,,0.0,train
DM024,DM,M,2.4506185433,6.1198094223,4.2852139828,3.0,DM_Grade3,fixed_v1_26.1_25.7_26.4_25.8,valid,,0.0,train
DM025,DM,M,5.8107561633,5.8857494212,5.8482527923,4.0,DM_Grade4,fixed_v1_26.1_25.7_26.4_25.8,valid,,0.0,val
DM026,DM,M,6.4026362871,6.3937709146,6.3982036008,4.0,DM_Grade4,fixed_v1_26.1_25.7_26.4_25.8,valid,,0.0,train
DM027,DM,M,6.2825491885,5.8098729099,6.0462110492,4.0,DM_Grade4,fixed_v1_26.1_25.7_26.4_25.8,valid,,0.0,train
DM028,DM,M,0.807384168,1.8092802512,1.3083322096,1.0,DM_Grade1,fixed_v1_26.1_25.7_26.4_25.8,valid,,0.0,train
DM029,DM,F,1.833877287,3.2738100604,2.5538436737,2.0,DM_Grade2,fixed_v1_26.1_25.7_26.4_25.8,valid,,0.0,train
DM030,DM,F,2.4831296895,2.3177624201,2.4004460548,2.0,DM_Grade2,fixed_v1_26.1_25.7_26.4_25.8,valid,,0.0,train
DM031,DM,F,4.5028989142,5.4314626332,4.9671807737,3.0,DM_Grade3,fixed_v1_26.1_25.7_26.4_25.8,valid,,0.0,test
DM032,DM,M,5.9612929989,4.8598595703,5.4105762846,4.0,DM_Grade4,fixed_v1_26.1_25.7_26.4_25.8,valid,,0.0,test
DM033,DM,M,1.0427258269,2.0244821981,1.5336040125,1.0,DM_Grade1,fixed_v1_26.1_25.7_26.4_25.8,valid,,0.0,test
DM034,DM,F,4.5794833698,5.21156722,4.8955252949,3.0,DM_Grade3,fixed_v1_26.1_25.7_26.4_25.8,valid,,0.0,train
DM035,DM,F,3.1815019663,4.3824175972,3.7819597817,3.0,DM_Grade3,fixed_v1_26.1_25.7_26.4_25.8,valid,,0.0,train
DM036,DM,M,6.2817921478,5.5412577686,5.9115249582,4.0,DM_Grade4,fixed_v1_26.1_25.7_26.4_25.8,valid,,0.0,test
DM037,DM,F,1.4177286626,1.803280169,1.6105044158,1.0,DM_Grade1,fixed_v1_26.1_25.7_26.4_25.8,valid,,0.0,val
DM038,DM,F,3.8953765384,4.1090593366,4.0022179375,3.0,DM_Grade3,fixed_v1_26.1_25.7_26.4_25.8,valid,,0.0,train
DM039,DM,M,5.0026818016,4.8494214367,4.9260516191,3.0,DM_Grade3,fixed_v1_26.1_25.7_26.4_25.8,valid,,0.0,train
DM040,DM,F,6.4377350493,6.1584477984,6.2980914238,4.0,DM_Grade4,fixed_v1_26.1_25.7_26.4_25.8,valid,,0.0,val
DM041,DM,M,5.1332967297,5.537260283,5.3352785064,4.0,DM_Grade4,fixed_v1_26.1_25.7_26.4_25.8,valid,,0.0,train
DM042,DM,F,5.1127061423,5.1506823217,5.131694232,4.0,DM_Grade4,fixed_v1_26.1_25.7_26.4_25.8,valid,,0.0,train
DM043,DM,M,3.6977128849,4.9359714342,4.3168421596,3.0,DM_Grade3,fixed_v1_26.1_25.7_26.4_25.8,valid,,0.0,test
DM044,DM,F,0.1889947811,0.6394566399,0.4142257105,0.0,DM_Grade0,fixed_v1_26.1_25.7_26.4_25.8,valid,,0.0,train
DM045,DM,F,4.3809795319,3.930866418,4.155922975,3.0,DM_Grade3,fixed_v1_26.1_25.7_26.4_25.8,valid,,0.0,val
DM046,DM,M,5.7800679449,3.8369772321,4.8085225885,3.0,DM_Grade3,fixed_v1_26.1_25.7_26.4_25.8,valid,,0.0,train
DM047,DM,F,7.5805485025,6.6621452744,7.1213468885,4.0,DM_Grade4,fixed_v1_26.1_25.7_26.4_25.8,valid,,0.0,train
DM048,DM,F,4.8229024363,4.7733741922,4.7981383143,3.0,DM_Grade3,fixed_v1_26.1_25.7_26.4_25.8,valid,,0.0,val
DM049,DM,F,1.846237576,1.1368623867,1.4915499813,1.0,DM_Grade1,fixed_v1_26.1_25.7_26.4_25.8,valid,,0.0,train
DM050,DM,F,6.273625651,6.2660188526,6.2698222518,4.0,DM_Grade4,fixed_v1_26.1_25.7_26.4_25.8,valid,,0.0,train
DM051,DM,F,2.5876976646,3.0627174577,2.8252075612,2.0,DM_Grade2,fixed_v1_26.1_25.7_26.4_25.8,valid,,0.0,train
DM052,DM,F,2.3702929768,2.2860474941,2.3281702355,2.0,DM_Grade2,fixed_v1_26.1_25.7_26.4_25.8,valid,,0.0,train
DM053,DM,M,1.0992061221,0.1921611514,0.6456836368,0.0,DM_Grade0,fixed_v1_26.1_25.7_26.4_25.8,valid,,0.0,val
DM054,DM,F,2.6649741488,2.7118150642,2.6883946065,2.0,DM_Grade2,fixed_v1_26.1_25.7_26.4_25.8,valid,,0.0,train
DM055,DM,F,5.4203322246,5.5181772452,5.4692547349,4.0,DM_Grade4,fixed_v1_26.1_25.7_26.4_25.8,valid,,0.0,train
DM056,DM,F,2.5768729115,1.6649156622,2.1208942869,2.0,DM_Grade2,fixed_v1_26.1_25.7_26.4_25.8,valid,,0.0,train
DM057,DM,F,1.3606946147,6.3013011741,3.8309978944,3.0,DM_Grade3,fixed_v1_26.1_25.7_26.4_25.8,valid,,0.0,test
DM058,DM,F,1.9746761654,0.4436804476,1.2091783065,1.0,DM_Grade1,fixed_v1_26.1_25.7_26.4_25.8,valid,,0.0,test
DM059,DM,F,6.6273004447,6.5674018495,6.5973511471,4.0,DM_Grade4,fixed_v1_26.1_25.7_26.4_25.8,valid,,0.0,train
DM060,DM,F,6.0793171504,5.7930323982,5.9361747743,4.0,DM_Grade4,fixed_v1_26.1_25.7_26.4_25.8,valid,,0.0,train
DM061,DM,F,0.2905770769,0.6468240349,0.4687005559,0.0,DM_Grade0,fixed_v1_26.1_25.7_26.4_25.8,valid,,0.0,test
DM062,DM,M,2.1507113304,2.4374500888,2.2940807096,2.0,DM_Grade2,fixed_v1_26.1_25.7_26.4_25.8,valid,,0.0,test
DM063,DM,F,5.9498660541,5.9739855822,5.9619258181,4.0,DM_Grade4,fixed_v1_26.1_25.7_26.4_25.8,valid,,0.0,train
DM064,DM,M,8.1304536576,7.4298451669,7.7801494123,4.0,DM_Grade4,fixed_v1_26.1_25.7_26.4_25.8,valid,,0.0,train
DM065,DM,F,4.3313016215,5.4468228763,4.8890622489,3.0,DM_Grade3,fixed_v1_26.1_25.7_26.4_25.8,valid,,0.0,train
DM066,DM,F,0.932850697,0.9317095292,0.9322801131,0.0,DM_Grade0,fixed_v1_26.1_25.7_26.4_25.8,valid,,0.0,train
DM067,DM,F,2.8107679644,1.5910027287,2.2008853466,2.0,DM_Grade2,fixed_v1_26.1_25.7_26.4_25.8,valid,,0.0,train
DM068,DM,F,8.6205382953,9.226588163,8.9235632292,4.0,DM_Grade4,fixed_v1_26.1_25.7_26.4_25.8,valid,,0.0,train
DM069,DM,F,4.8371134547,4.0039487765,4.4205311156,3.0,DM_Grade3,fixed_v1_26.1_25.7_26.4_25.8,valid,,0.0,val
DM070,DM,F,3.8620758089,3.9478111222,3.9049434655,3.0,DM_Grade3,fixed_v1_26.1_25.7_26.4_25.8,valid,,0.0,train
DM071,DM,F,1.1971399559,1.3160034028,1.2565716794,1.0,DM_Grade1,fixed_v1_26.1_25.7_26.4_25.8,valid,,0.0,train
DM072,DM,F,3.1314113992,3.1000434485,3.1157274239,3.0,DM_Grade3,fixed_v1_26.1_25.7_26.4_25.8,valid,,0.0,train
DM073,DM,F,3.7538639409,3.7867884617,3.7703262013,3.0,DM_Grade3,fixed_v1_26.1_25.7_26.4_25.8,valid,,0.0,train
DM074,DM,F,4.3051209203,4.5859731403,4.4455470303,3.0,DM_Grade3,fixed_v1_26.1_25.7_26.4_25.8,valid,,0.0,train
DM075,DM,F,4.4655470395,5.1395389869,4.8025430132,3.0,DM_Grade3,fixed_v1_26.1_25.7_26.4_25.8,valid,,0.0,test
DM076,DM,M,7.4312974793,7.6564269724,7.5438622258,4.0,DM_Grade4,fixed_v1_26.1_25.7_26.4_25.8,valid,,0.0,train
DM077,DM,F,6.9564219051,6.8366354379,6.8965286715,4.0,DM_Grade4,fixed_v1_26.1_25.7_26.4_25.8,valid,,0.0,train
DM078,DM,F,5.677505519,3.5761453379,4.6268254285,3.0,DM_Grade3,fixed_v1_26.1_25.7_26.4_25.8,valid,,0.0,train
DM079,DM,M,0.6772348577,0.6265947113,0.6519147845,0.0,DM_Grade0,fixed_v1_26.1_25.7_26.4_25.8,valid,,0.0,train
DM080,DM,F,2.9066181992,2.0271554608,2.46688683,2.0,DM_Grade2,fixed_v1_26.1_25.7_26.4_25.8,valid,,0.0,train
DM081,DM,F,2.0831250283,2.2731932276,2.178159128,2.0,DM_Grade2,fixed_v1_26.1_25.7_26.4_25.8,valid,,0.0,test
DM082,DM,F,7.9827023057,7.813256949,7.8979796274,4.0,DM_Grade4,fixed_v1_26.1_25.7_26.4_25.8,valid,,0.0,train
DM083,DM,M,4.52924102,2.7147804713,3.6220107457,3.0,DM_Grade3,fixed_v1_26.1_25.7_26.4_25.8,valid,,0.0,train
DM084,DM,F,3.7195897271,3.7666637799,3.7431267535,3.0,DM_Grade3,fixed_v1_26.1_25.7_26.4_25.8,valid,,0.0,train
DM085,DM,F,3.2666058603,3.2697508174,3.2681783389,3.0,DM_Grade3,fixed_v1_26.1_25.7_26.4_25.8,valid,,0.0,train
DM086,DM,F,2.8902273958,2.991025407,2.9406264014,2.0,DM_Grade2,fixed_v1_26.1_25.7_26.4_25.8,valid,,0.0,train
DM087,DM,F,3.8319691375,2.8756495126,3.353809325,3.0,DM_Grade3,fixed_v1_26.1_25.7_26.4_25.8,valid,,0.0,val
DM088,DM,M,6.7831923518,5.5630114263,6.173101889,4.0,DM_Grade4,fixed_v1_26.1_25.7_26.4_25.8,valid,,0.0,train
DM089,DM,F,5.2802273064,4.8223043723,5.0512658394,4.0,DM_Grade4,fixed_v1_26.1_25.7_26.4_25.8,valid,,0.0,test
DM090,DM,F,0.2731516586,0.6127188282,0.4429352434,0.0,DM_Grade0,fixed_v1_26.1_25.7_26.4_25.8,valid,,0.0,test
DM091,DM,M,7.669633358,7.6935713605,7.6816023593,4.0,DM_Grade4,fixed_v1_26.1_25.7_26.4_25.8,valid,,0.0,val
DM092,DM,F,9.4749083387,9.442257563,9.4585829508,4.0,DM_Grade4,fixed_v1_26.1_25.7_26.4_25.8,valid,,0.0,train
DM093,DM,F,8.6446908753,8.9949168902,8.8198038828,4.0,DM_Grade4,fixed_v1_26.1_25.7_26.4_25.8,valid,,0.0,train
DM094,DM,F,0.3708741544,0.8039573792,0.5874157668,0.0,DM_Grade0,fixed_v1_26.1_25.7_26.4_25.8,valid,,0.0,train
DM095,DM,F,0.977264499,1.2470186287,1.1121415639,1.0,DM_Grade1,fixed_v1_26.1_25.7_26.4_25.8,valid,,0.0,train
DM096,DM,M,2.1363847418,1.0155501989,1.5759674703,1.0,DM_Grade1,fixed_v1_26.1_25.7_26.4_25.8,valid,,0.0,val
DM097,DM,F,5.4472319043,5.2037777459,5.3255048251,4.0,DM_Grade4,fixed_v1_26.1_25.7_26.4_25.8,valid,,0.0,train
DM098,DM,M,4.025029492,2.7437694413,3.3843994667,3.0,DM_Grade3,fixed_v1_26.1_25.7_26.4_25.8,valid,,0.0,train
DM099,DM,F,2.9800343005,1.1718430414,2.075938671,2.0,DM_Grade2,fixed_v1_26.1_25.7_26.4_25.8,valid,,0.0,train
DM100,DM,F,4.6988946763,4.5119800782,4.6054373772,3.0,DM_Grade3,fixed_v1_26.1_25.7_26.4_25.8,valid,,0.0,train
DM101,DM,F,0.8874981991,0.9155539802,0.9015260896,0.0,DM_Grade0,fixed_v1_26.1_25.7_26.4_25.8,valid,,0.0,train
DM102,DM,F,2.1630389285,2.7147267779,2.4388828532,2.0,DM_Grade2,fixed_v1_26.1_25.7_26.4_25.8,valid,,0.0,val
DM103,DM,F,4.1037232489,4.0761792537,4.0899512513,3.0,DM_Grade3,fixed_v1_26.1_25.7_26.4_25.8,valid,,0.0,val
DM104,DM,F,2.4118807019,3.7270951185,3.0694879102,3.0,DM_Grade3,fixed_v1_26.1_25.7_26.4_25.8,valid,,0.0,train
DM105,DM,F,1.4817440403,1.4547474998,1.4682457701,1.0,DM_Grade1,fixed_v1_26.1_25.7_26.4_25.8,valid,,0.0,train
DM106,DM,F,4.3493252395,4.2710898677,4.3102075536,3.0,DM_Grade3,fixed_v1_26.1_25.7_26.4_25.8,valid,,0.0,train
DM107,DM,M,3.2762239561,1.6850689347,2.4806464454,2.0,DM_Grade2,fixed_v1_26.1_25.7_26.4_25.8,valid,,0.0,train
DM108,DM,F,2.9960694032,2.4146884135,2.7053789084,2.0,DM_Grade2,fixed_v1_26.1_25.7_26.4_25.8,valid,,0.0,train
DM109,DM,F,7.3779458871,6.8316582019,7.1048020445,4.0,DM_Grade4,fixed_v1_26.1_25.7_26.4_25.8,valid,,0.0,test
DM110,DM,F,2.0573628238,0.679312175,1.3683374994,1.0,DM_Grade1,fixed_v1_26.1_25.7_26.4_25.8,valid,,0.0,train
DM111,DM,F,2.2538844619,1.7976640527,2.0257742573,2.0,DM_Grade2,fixed_v1_26.1_25.7_26.4_25.8,valid,,0.0,test
DM112,DM,M,0.6708487685,0.627290246,0.6490695072,0.0,DM_Grade0,fixed_v1_26.1_25.7_26.4_25.8,valid,,0.0,train
DM113,DM,F,1.426107998,0.8016671642,1.1138875811,1.0,DM_Grade1,fixed_v1_26.1_25.7_26.4_25.8,valid,,0.0,train
DM114,DM,F,2.9205112831,3.3593799286,3.1399456059,3.0,DM_Grade3,fixed_v1_26.1_25.7_26.4_25.8,valid,,0.0,test
DM115,DM,F,4.4434274155,4.2470541336,4.3452407746,3.0,DM_Grade3,fixed_v1_26.1_25.7_26.4_25.8,valid,,0.0,train
DM116,DM,F,6.1515663207,5.9642081659,6.0578872433,4.0,DM_Grade4,fixed_v1_26.1_25.7_26.4_25.8,valid,,0.0,val
DM117,DM,F,0.577343956,1.4863142336,1.0318290948,1.0,DM_Grade1,fixed_v1_26.1_25.7_26.4_25.8,valid,,0.0,train
DM118,DM,M,5.2711359152,6.2938082159,5.7824720656,4.0,DM_Grade4,fixed_v1_26.1_25.7_26.4_25.8,valid,,0.0,train
DM119,DM,F,6.9623059218,7.6785876062,7.320446764,4.0,DM_Grade4,fixed_v1_26.1_25.7_26.4_25.8,valid,,0.0,val
DM120,DM,F,6.7743738403,6.0949675689,6.4346707046,4.0,DM_Grade4,fixed_v1_26.1_25.7_26.4_25.8,valid,,0.0,test
DM121,DM,F,7.4446588093,6.9951581082,7.2199084588,4.0,DM_Grade4,fixed_v1_26.1_25.7_26.4_25.8,valid,,0.0,train
DM122,DM,F,0.7435329351,0.344955105,0.5442440201,0.0,DM_Grade0,fixed_v1_26.1_25.7_26.4_25.8,valid,,0.0,train
