epoch,stage,lr_backbone,lr_head,train_loss,train_loss_unweighted,val_loss,train_acc,val_acc,val_weighted_f1,val_macro_f1,low_severity_recall_pct,high_severity_recall_pct
1,A,0.000000e+00,9.619778e-04,4.826448,1.687793,1.144441,0.383621,0.400000,0.357600,0.321818,7.14,68.18
2,A,0.000000e+00,8.536998e-04,4.195014,1.509413,1.071843,0.400862,0.520000,0.491046,0.441721,42.86,81.82
3,A,0.000000e+00,6.916504e-04,3.864737,1.380055,0.893651,0.418103,0.580000,0.548948,0.509754,28.57,90.91
4,A,0.000000e+00,5.005000e-04,3.414241,1.326121,0.833494,0.439655,0.600000,0.602787,0.561760,42.86,81.82
5,A,0.000000e+00,3.093496e-04,2.989241,1.129671,0.793041,0.521552,0.700000,0.676873,0.645801,35.71,95.45
6,A,0.000000e+00,1.473002e-04,2.837299,1.128213,0.777295,0.487069,0.700000,0.691839,0.657987,42.86,90.91
7,A,0.000000e+00,3.902217e-05,2.908301,1.133677,0.767634,0.538793,0.700000,0.691839,0.657987,42.86,90.91
8,A,0.000000e+00,1.000000e-06,2.481624,1.002843,0.766564,0.577586,0.700000,0.691839,0.657987,42.86,90.91
9,B,9.987942e-05,9.987942e-05,3.130620,1.169270,0.752109,0.551724,0.620000,0.637242,0.602333,64.29,72.73
10,B,9.951827e-05,9.951827e-05,2.215936,0.944731,0.669695,0.573276,0.760000,0.735833,0.701389,35.71,100.00
11,B,9.891831e-05,9.891831e-05,2.375238,0.938412,0.731844,0.599138,0.700000,0.666184,0.619163,78.57,95.45
12,B,9.808245e-05,9.808245e-05,1.869443,0.770815,0.788553,0.629310,0.600000,0.547611,0.507419,28.57,100.00
13,B,9.701478e-05,9.701478e-05,2.125226,0.839575,0.653773,0.655172,0.680000,0.693659,0.677637,64.29,63.64
14,B,9.572050e-05,9.572050e-05,1.369654,0.626711,0.691313,0.750000,0.720000,0.690621,0.655501,78.57,95.45
15,B,9.420591e-05,9.420591e-05,1.349633,0.637758,0.628079,0.745690,0.780000,0.750976,0.729687,35.71,100.00
16,B,9.247838e-05,9.247838e-05,1.211766,0.578626,0.504769,0.780172,0.800000,0.798519,0.781305,71.43,90.91
17,B,9.054634e-05,9.054634e-05,1.251191,0.562898,0.493810,0.784483,0.780000,0.780000,0.755411,64.29,90.91
18,B,8.841920e-05,8.841920e-05,1.251510,0.563096,0.504195,0.814655,0.800000,0.802932,0.787543,78.57,86.36
19,B,8.610732e-05,8.610732e-05,1.112289,0.502012,0.614958,0.797414,0.740000,0.716023,0.679249,92.86,90.91
20,B,8.362197e-05,8.362197e-05,1.195270,0.533611,0.438097,0.780172,0.860000,0.858035,0.847558,78.57,95.45
21,B,8.097524e-05,8.097524e-05,1.020255,0.482454,0.470229,0.818966,0.740000,0.723825,0.704833,42.86,95.45
22,B,7.818005e-05,7.818005e-05,1.100413,0.461668,0.530518,0.797414,0.800000,0.794667,0.772872,92.86,90.91
23,B,7.525000e-05,7.525000e-05,0.970639,0.418040,0.429789,0.831897,0.840000,0.845953,0.830548,85.71,86.36
24,B,7.219937e-05,7.219937e-05,1.160712,0.554617,0.453104,0.767241,0.740000,0.723825,0.704833,42.86,95.45
25,B,6.904303e-05,6.904303e-05,0.916669,0.402109,0.549282,0.844828,0.740000,0.719610,0.698548,42.86,100.00
26,B,6.579634e-05,6.579634e-05,0.852840,0.384472,0.379982,0.862069,0.820000,0.823399,0.812989,78.57,81.82
27,B,6.247513e-05,6.247513e-05,1.094826,0.454554,0.542965,0.823276,0.760000,0.734077,0.717039,35.71,95.45
28,B,5.909558e-05,5.909558e-05,0.833096,0.388206,0.417142,0.836207,0.840000,0.836724,0.825888,71.43,95.45
29,B,5.567416e-05,5.567416e-05,0.744706,0.342577,0.406993,0.853448,0.860000,0.860762,0.852381,78.57,86.36
30,B,5.222753e-05,5.222753e-05,0.775183,0.344937,0.377856,0.875000,0.860000,0.861716,0.848665,78.57,90.91
31,B,4.877247e-05,4.877247e-05,0.653047,0.328528,0.370048,0.879310,0.860000,0.860000,0.850649,78.57,90.91
32,B,4.532584e-05,4.532584e-05,0.870210,0.372819,0.381342,0.853448,0.840000,0.840562,0.827509,78.57,90.91
33,B,4.190442e-05,4.190442e-05,0.728628,0.330464,0.461369,0.887931,0.780000,0.768183,0.754503,50.00,95.45
34,B,3.852487e-05,3.852487e-05,0.824394,0.359154,0.437422,0.870690,0.840000,0.841422,0.834445,78.57,81.82
35,B,3.520366e-05,3.520366e-05,0.833930,0.367151,0.372693,0.875000,0.880000,0.880337,0.870833,78.57,90.91
36,B,3.195697e-05,3.195697e-05,0.694184,0.316380,0.369416,0.857759,0.840000,0.843429,0.831746,78.57,86.36
37,B,2.880063e-05,2.880063e-05,0.693287,0.315088,0.381294,0.887931,0.860000,0.860762,0.852381,78.57,86.36
38,B,2.575000e-05,2.575000e-05,0.630592,0.289572,0.419902,0.879310,0.840000,0.840341,0.828071,71.43,86.36
39,B,2.281995e-05,2.281995e-05,0.824982,0.336392,0.408827,0.853448,0.840000,0.841422,0.834445,78.57,81.82
40,B,2.002476e-05,2.002476e-05,0.551842,0.274723,0.414842,0.896552,0.820000,0.817522,0.804913,64.29,86.36
41,B,1.737803e-05,1.737803e-05,0.794059,0.335534,0.427223,0.879310,0.840000,0.834791,0.823587,64.29,95.45
42,B,1.489268e-05,1.489268e-05,0.562007,0.276485,0.407253,0.896552,0.840000,0.841422,0.834445,78.57,81.82
43,B,1.258080e-05,1.258080e-05,0.687278,0.331008,0.399229,0.896552,0.840000,0.841422,0.834445,78.57,81.82
44,B,1.045366e-05,1.045366e-05,0.602175,0.274930,0.408305,0.887931,0.840000,0.838911,0.830376,71.43,86.36
45,B,8.521619e-06,8.521619e-06,0.625518,0.282264,0.395876,0.887931,0.840000,0.841422,0.834445,78.57,81.82
46,B,6.794094e-06,6.794094e-06,0.508699,0.251458,0.388184,0.909483,0.840000,0.841422,0.834445,78.57,81.82
47,B,5.279500e-06,5.279500e-06,0.499274,0.244686,0.399063,0.905172,0.840000,0.841422,0.834445,78.57,81.82
48,B,3.985215e-06,3.985215e-06,0.639932,0.271078,0.419630,0.909483,0.840000,0.841422,0.834445,78.57,81.82
49,B,2.917546e-06,2.917546e-06,0.536105,0.243719,0.409820,0.905172,0.840000,0.841422,0.834445,78.57,81.82
50,B,2.081694e-06,2.081694e-06,0.724836,0.302429,0.406762,0.862069,0.860000,0.860762,0.852381,78.57,86.36
51,B,1.481731e-06,1.481731e-06,0.548751,0.264774,0.397783,0.913793,0.840000,0.841422,0.834445,78.57,81.82
52,B,1.120580e-06,1.120580e-06,0.662239,0.291367,0.393398,0.879310,0.840000,0.841422,0.834445,78.57,81.82
53,B,1.000000e-06,1.000000e-06,0.535358,0.260904,0.395906,0.905172,0.840000,0.841422,0.834445,78.57,81.82
