epoch,stage,lr,train_loss,val_loss,train_acc,val_acc,val_weighted_f1,val_macro_f1,dm_grade0_recall
1,A,0.001,1.815337,1.690103,0.168103,0.28,0.269937,0.178114,0.0
2,A,0.0009046039886902864,1.676403,1.650601,0.426724,0.42,0.286809,0.182624,0.0
3,A,0.0006548539886902863,1.624305,1.6293,0.474138,0.34,0.293752,0.195771,0.0
4,A,0.0003461460113097138,1.593405,1.593087,0.49569,0.38,0.326834,0.218826,0.0
5,A,9.639601130971379e-05,1.543635,1.586657,0.517241,0.4,0.33053,0.21881,0.0
6,B,0.0001,1.739205,1.87467,0.362069,0.16,0.100881,0.075904,0.0
7,B,9.98794204878613e-05,1.550702,62.246028,0.49569,0.22,0.214382,0.179314,0.0
8,B,9.951826940270773e-05,1.396261,25.847395,0.508621,0.22,0.199441,0.139277,0.0
9,B,9.891830623632339e-05,1.29025,7.568559,0.581897,0.28,0.219236,0.170862,0.0
10,B,9.808245394894679e-05,1.196038,3.177526,0.590517,0.26,0.223756,0.176398,0.0
11,B,9.701478472890248e-05,1.071406,12.302422,0.681034,0.22,0.132,0.091667,0.0
12,B,9.572050015330875e-05,0.955389,5.350687,0.737069,0.26,0.210205,0.172239,0.0
13,B,9.42059058465169e-05,0.894072,5.442525,0.706897,0.28,0.178612,0.132583,0.0
14,B,9.247838075974309e-05,0.976182,3.104018,0.706897,0.28,0.224872,0.241097,0.25
15,B,9.054634122155992e-05,0.843708,3.073141,0.706897,0.26,0.197285,0.171192,0.0
16,B,8.841919993438942e-05,0.852923,1.878999,0.689655,0.34,0.256597,0.240482,0.25
17,B,8.610732011676325e-05,0.743069,4.199485,0.762931,0.22,0.147912,0.105242,0.0
18,B,8.36219650147635e-05,0.696723,2.656913,0.767241,0.24,0.161684,0.118947,0.0
19,B,8.09752430286201e-05,0.74577,4.07,0.741379,0.26,0.152135,0.108175,0.0
20,B,7.818004872180198e-05,0.628658,2.702952,0.806034,0.24,0.112941,0.078431,0.0
21,B,7.525000000000001e-05,0.592224,1.850404,0.806034,0.32,0.231884,0.17029,0.25
22,B,7.219937176605935e-05,0.627148,10.534781,0.797414,0.26,0.133299,0.096537,0.0
23,B,6.904302637408766e-05,0.690278,1.829986,0.75431,0.24,0.104727,0.072727,0.0
24,B,6.579634122155991e-05,0.560866,3.050618,0.797414,0.24,0.117551,0.081633,0.0
25,B,6.247513383218356e-05,0.495486,3.839964,0.840517,0.24,0.12,0.083333,0.0
26,B,5.909558479451306e-05,0.552187,35.287706,0.836207,0.26,0.148103,0.099145,0.0
27,B,5.5674158931748854e-05,0.528677,1.946078,0.810345,0.26,0.144,0.096296,0.0
28,B,5.222752508677381e-05,0.471863,50.545064,0.844828,0.24,0.149333,0.148148,0.0
29,B,4.8772474913226224e-05,0.491175,8.653847,0.823276,0.3,0.254353,0.214542,0.0
30,B,4.532584106825117e-05,0.399998,1.869507,0.866379,0.26,0.212333,0.182094,0.0
31,B,4.190441520548696e-05,0.539933,54.576271,0.775862,0.26,0.211784,0.139914,0.0
32,B,3.852486616781645e-05,0.442035,2.637852,0.844828,0.24,0.157273,0.102273,0.0
33,B,3.520365877844012e-05,0.536904,60.643171,0.814655,0.24,0.162308,0.105769,0.0
34,B,3.1956973625912366e-05,0.495916,130.520265,0.823276,0.22,0.1564,0.101667,0.0
35,B,2.8800628233940678e-05,0.508868,2.632639,0.836207,0.22,0.173939,0.116162,0.0
36,B,2.5750000000000023e-05,0.449399,80.38477,0.844828,0.2,0.141111,0.091049,0.0
37,B,2.281995127819805e-05,0.35517,1.886648,0.883621,0.32,0.22929,0.180945,0.25
38,B,2.0024756971379923e-05,0.438202,8.384771,0.840517,0.26,0.191053,0.128655,0.0
39,B,1.7378034985236525e-05,0.384391,2.148636,0.887931,0.24,0.201578,0.133105,0.0
40,B,1.4892679883236773e-05,0.450561,1.994494,0.857759,0.26,0.192941,0.124183,0.0
41,B,1.2580800065610601e-05,0.312306,2.021292,0.862069,0.22,0.178824,0.114379,0.0
42,B,1.0453658778440112e-05,0.508613,33.516342,0.827586,0.24,0.183913,0.123551,0.0
43,B,8.52161924025692e-06,0.367047,2.011875,0.862069,0.22,0.1564,0.101667,0.0
44,B,6.794094153483128e-06,0.362123,2.07413,0.883621,0.24,0.185077,0.166026,0.0
45,B,5.279499846691265e-06,0.529497,1.964973,0.823276,0.28,0.22139,0.188383,0.0
46,B,3.98521527109754e-06,0.367991,2.029469,0.87931,0.22,0.182302,0.116795,0.0
47,B,2.9175460510532266e-06,0.313687,2.623947,0.913793,0.24,0.201578,0.133105,0.0
48,B,2.081693763676619e-06,0.323306,50.011145,0.892241,0.18,0.134615,0.086538,0.0
49,B,1.4817305972922728e-06,0.282243,3.139207,0.909483,0.24,0.204157,0.134749,0.0
50,B,1.1205795121387022e-06,0.439598,83.967606,0.849138,0.2,0.15,0.097222,0.0
